USE [FreshishDB]
GO
INSERT [dbo].[AspNetUsers] ([Id], [UserName], [NormalizedUserName], [NormalizedEmail], [EmailConfirmed], [PasswordHash], [SecurityStamp], [ConcurrencyStamp], [PhoneNumber], [PhoneNumberConfirmed], [TwoFactorEnabled], [LockoutEnd], [LockoutEnabled], [AccessFailedCount], [Email], [FirstName], [LastName], [Street], [ZipCode], [City], [Picture]) VALUES (N'1469b708-ecb4-4168-a8dc-69328ecf6189', N'din@mamma.se', N'DIN@MAMMA.SE', NULL, 0, N'AQAAAAEAACcQAAAAEA5hd9AHZyiwbmc7r590Fu1qxuYxY6vmT4T+Pko7pAF8OLvjnXvn5g9PHb/MmChIMQ==', N'RK3QIIJHTCT3WHPFRSWYDMNLEW6ZPWGG', N'4d3ab62e-6a7c-43f6-86f3-d61d988f1ebb', NULL, 0, 0, NULL, 1, 0, N'din@mamma.se', N'Mohamed', N'Dawil', NULL, NULL, NULL, NULL)
INSERT [dbo].[AspNetUsers] ([Id], [UserName], [NormalizedUserName], [NormalizedEmail], [EmailConfirmed], [PasswordHash], [SecurityStamp], [ConcurrencyStamp], [PhoneNumber], [PhoneNumberConfirmed], [TwoFactorEnabled], [LockoutEnd], [LockoutEnabled], [AccessFailedCount], [Email], [FirstName], [LastName], [Street], [ZipCode], [City], [Picture]) VALUES (N'2c26eb8b-a8aa-448b-8822-93d8eb187509', N'j@w', N'J@W', NULL, 0, N'AQAAAAEAACcQAAAAEGLOQc/zeaXDFoLbnJKS+eq2jZRjK1HOPXK3aTOb+sR4nuPeyfTKMqvS835ZYlpGFA==', N'BVS65E5GW6OZCRYC6DQEWN3QQOD3BJUF', N'0088b3b5-d896-4719-a940-68f6908ecf21', NULL, 0, 0, NULL, 1, 0, N'j@w', N'Joel', N'Wiklund', N'Borgarfjordsgatan 14', N'164 40', N'Kista', N'joel_d463.jpg')
INSERT [dbo].[AspNetUsers] ([Id], [UserName], [NormalizedUserName], [NormalizedEmail], [EmailConfirmed], [PasswordHash], [SecurityStamp], [ConcurrencyStamp], [PhoneNumber], [PhoneNumberConfirmed], [TwoFactorEnabled], [LockoutEnd], [LockoutEnabled], [AccessFailedCount], [Email], [FirstName], [LastName], [Street], [ZipCode], [City], [Picture]) VALUES (N'671af824-e875-4172-8235-5afc340b99dc', N'a@a', N'A@A', NULL, 0, N'AQAAAAEAACcQAAAAEN+R+gTT1FJ5gbsGO03KRsNt1ghF1MOwuTtSrEpAJqTrYTHZuoub/eWg85kwWSo5Sw==', N'5F5Z6FPRUQP2UZ7GC6II6ORBCWVGMG3K', N'f0ad09a1-959c-4bcf-aea1-b04adf463e02', NULL, 0, 0, NULL, 1, 0, N'a@a', N'Anders', N'Andersson', N'Torshamnsgatan 32', N'164 40', N'Kista', N'klock_6734.jpg')
INSERT [dbo].[AspNetUsers] ([Id], [UserName], [NormalizedUserName], [NormalizedEmail], [EmailConfirmed], [PasswordHash], [SecurityStamp], [ConcurrencyStamp], [PhoneNumber], [PhoneNumberConfirmed], [TwoFactorEnabled], [LockoutEnd], [LockoutEnabled], [AccessFailedCount], [Email], [FirstName], [LastName], [Street], [ZipCode], [City], [Picture]) VALUES (N'86836a9b-916a-4b31-895d-ed2f3f80f003', N'mohamed.a.dawil@outlook.com', N'MOHAMED.A.DAWIL@OUTLOOK.COM', NULL, 0, N'AQAAAAEAACcQAAAAEGYsRE1P8CTOe9VDJhn68WVZeuMKeeu0bJP8UVGIEspi+jZDs6unwWjm1XHz7HEEeg==', N'32QKDCJDPZMNAQBGIHXHNPWYDLO5DEC3', N'89623047-b04b-4247-ae25-3c9419239032', NULL, 0, 0, NULL, 1, 0, N'mohamed.a.dawil@outlook.com', N'Mohamed', N'Dawil', N'Snörmakarvägen 15', N'168 38', N'Bromma', N'2018-11-19_c703.png')
SET IDENTITY_INSERT [fresh].[product] ON 

INSERT [fresh].[product] ([Id], [Name], [Freshness], [ExpiryDate], [Description], [PickUpDate1], [PickUpDate2], [Claimed], [Collected], [Picture], [PublishDate], [GiverId], [ReceiverId], [Location], [Street], [City], [ZipCode]) VALUES (6, N'Bananer', 8, CAST(N'0001-01-01T00:00:00.0000000' AS DateTime2), N'z', CAST(N'0001-01-01T00:00:00.0000000' AS DateTime2), CAST(N'0001-01-01T00:00:00.0000000' AS DateTime2), 0, 0, N'food1.jpg', CAST(N'2019-01-12T13:59:19.8558481' AS DateTime2), N'86836a9b-916a-4b31-895d-ed2f3f80f003', NULL, 0xE6100000010C80F01E566EEE314054E45AFE8DAB4D40, N'Vägen 4', N'Stockholm', N'134 34')
INSERT [fresh].[product] ([Id], [Name], [Freshness], [ExpiryDate], [Description], [PickUpDate1], [PickUpDate2], [Claimed], [Collected], [Picture], [PublishDate], [GiverId], [ReceiverId], [Location], [Street], [City], [ZipCode]) VALUES (7, N'Nåt', 8, CAST(N'0001-01-01T00:00:00.0000000' AS DateTime2), N'jjdjdjjdjdj', CAST(N'0001-01-01T00:00:00.0000000' AS DateTime2), CAST(N'0001-01-01T00:00:00.0000000' AS DateTime2), 1, 0, N'food2.jpg', CAST(N'2019-01-12T16:03:42.8097931' AS DateTime2), N'86836a9b-916a-4b31-895d-ed2f3f80f003', N'2c26eb8b-a8aa-448b-8822-93d8eb187509', 0xE6100000010C0048348122FA31406BF1DF72ABAD4D40, N'Vägen 5', N'Stockholm', N'134 34')
INSERT [fresh].[product] ([Id], [Name], [Freshness], [ExpiryDate], [Description], [PickUpDate1], [PickUpDate2], [Claimed], [Collected], [Picture], [PublishDate], [GiverId], [ReceiverId], [Location], [Street], [City], [ZipCode]) VALUES (8, N'Inte Victor', 8, CAST(N'0001-01-01T00:00:00.0000000' AS DateTime2), N'Snygg', CAST(N'0001-01-01T00:00:00.0000000' AS DateTime2), CAST(N'0001-01-01T00:00:00.0000000' AS DateTime2), 0, 0, N'food3.jpg', CAST(N'2019-01-12T17:00:33.3172550' AS DateTime2), N'86836a9b-916a-4b31-895d-ed2f3f80f003', NULL, 0xE6100000010CC0C23E4BA1213240D4D46828A4BB4D40, N'Vägen 6', N'Stockholm', N'134 34')
INSERT [fresh].[product] ([Id], [Name], [Freshness], [ExpiryDate], [Description], [PickUpDate1], [PickUpDate2], [Claimed], [Collected], [Picture], [PublishDate], [GiverId], [ReceiverId], [Location], [Street], [City], [ZipCode]) VALUES (12, N'Hummus', 4, CAST(N'2019-01-14T00:00:00.0000000' AS DateTime2), N'Soo good', CAST(N'2019-01-14T00:00:00.0000000' AS DateTime2), CAST(N'2019-01-14T00:00:00.0000000' AS DateTime2), 1, 0, N'hummus-31_c0b4.jpg', CAST(N'2019-01-14T16:22:07.6825549' AS DateTime2), N'2c26eb8b-a8aa-448b-8822-93d8eb187509', N'2c26eb8b-a8aa-448b-8822-93d8eb187509', 0xE6100000010C000000E0AAF131400000004004B44D40, N'Borgarfjordsgatan 14', N'Kista', N'164 40')
INSERT [fresh].[product] ([Id], [Name], [Freshness], [ExpiryDate], [Description], [PickUpDate1], [PickUpDate2], [Claimed], [Collected], [Picture], [PublishDate], [GiverId], [ReceiverId], [Location], [Street], [City], [ZipCode]) VALUES (1009, N'Äpple', 5, CAST(N'2019-01-15T00:00:00.0000000' AS DateTime2), N'Fint', CAST(N'2019-01-15T00:00:00.0000000' AS DateTime2), CAST(N'2019-01-15T00:00:00.0000000' AS DateTime2), 0, 0, N'äpple_9b80.jpg', CAST(N'2019-01-15T17:34:49.8849294' AS DateTime2), N'671af824-e875-4172-8235-5afc340b99dc', NULL, 0xE6100000010C00000060ABF33140000000C03DB44D40, N'Torshamnsgatan 32', N'Kista', N'164 40')
SET IDENTITY_INSERT [fresh].[product] OFF
SET IDENTITY_INSERT [fresh].[chat] ON 

INSERT [fresh].[chat] ([Id], [Message], [GiverId], [ReceiverId], [ProductId], [PublishDate], [IsServer], [IsDeleted], [SentById]) VALUES (3, N'Startade en ny chatt', N'2c26eb8b-a8aa-448b-8822-93d8eb187509', N'2c26eb8b-a8aa-448b-8822-93d8eb187509', 12, CAST(N'2019-01-15T13:36:36.4058943' AS DateTime2), 1, 0, NULL)
INSERT [fresh].[chat] ([Id], [Message], [GiverId], [ReceiverId], [ProductId], [PublishDate], [IsServer], [IsDeleted], [SentById]) VALUES (4, N'test', N'2c26eb8b-a8aa-448b-8822-93d8eb187509', N'2c26eb8b-a8aa-448b-8822-93d8eb187509', 12, CAST(N'2019-01-15T13:36:40.2812133' AS DateTime2), 0, 0, N'2c26eb8b-a8aa-448b-8822-93d8eb187509')
INSERT [fresh].[chat] ([Id], [Message], [GiverId], [ReceiverId], [ProductId], [PublishDate], [IsServer], [IsDeleted], [SentById]) VALUES (5, N'test3', N'2c26eb8b-a8aa-448b-8822-93d8eb187509', N'2c26eb8b-a8aa-448b-8822-93d8eb187509', 12, CAST(N'2019-01-15T17:19:08.8723526' AS DateTime2), 0, 0, N'2c26eb8b-a8aa-448b-8822-93d8eb187509')
INSERT [fresh].[chat] ([Id], [Message], [GiverId], [ReceiverId], [ProductId], [PublishDate], [IsServer], [IsDeleted], [SentById]) VALUES (6, N'test4', N'2c26eb8b-a8aa-448b-8822-93d8eb187509', N'2c26eb8b-a8aa-448b-8822-93d8eb187509', 12, CAST(N'2019-01-15T17:29:29.8552022' AS DateTime2), 0, 0, N'2c26eb8b-a8aa-448b-8822-93d8eb187509')
INSERT [fresh].[chat] ([Id], [Message], [GiverId], [ReceiverId], [ProductId], [PublishDate], [IsServer], [IsDeleted], [SentById]) VALUES (8, N'Startade en ny chatt', N'671af824-e875-4172-8235-5afc340b99dc', N'2c26eb8b-a8aa-448b-8822-93d8eb187509', 1009, CAST(N'2019-01-15T17:35:47.8467062' AS DateTime2), 1, 0, NULL)
INSERT [fresh].[chat] ([Id], [Message], [GiverId], [ReceiverId], [ProductId], [PublishDate], [IsServer], [IsDeleted], [SentById]) VALUES (9, N'Test5', N'2c26eb8b-a8aa-448b-8822-93d8eb187509', N'2c26eb8b-a8aa-448b-8822-93d8eb187509', 12, CAST(N'2019-01-15T17:56:01.7494901' AS DateTime2), 0, 0, N'2c26eb8b-a8aa-448b-8822-93d8eb187509')
INSERT [fresh].[chat] ([Id], [Message], [GiverId], [ReceiverId], [ProductId], [PublishDate], [IsServer], [IsDeleted], [SentById]) VALUES (10, N'HejHej', N'671af824-e875-4172-8235-5afc340b99dc', N'2c26eb8b-a8aa-448b-8822-93d8eb187509', 1009, CAST(N'2019-01-15T17:59:06.5032693' AS DateTime2), 0, 0, N'2c26eb8b-a8aa-448b-8822-93d8eb187509')
INSERT [fresh].[chat] ([Id], [Message], [GiverId], [ReceiverId], [ProductId], [PublishDate], [IsServer], [IsDeleted], [SentById]) VALUES (11, N'Hej igen', N'671af824-e875-4172-8235-5afc340b99dc', N'2c26eb8b-a8aa-448b-8822-93d8eb187509', 1009, CAST(N'2019-01-15T17:59:26.1104856' AS DateTime2), 0, 0, N'2c26eb8b-a8aa-448b-8822-93d8eb187509')
INSERT [fresh].[chat] ([Id], [Message], [GiverId], [ReceiverId], [ProductId], [PublishDate], [IsServer], [IsDeleted], [SentById]) VALUES (12, N'tests', N'671af824-e875-4172-8235-5afc340b99dc', N'2c26eb8b-a8aa-448b-8822-93d8eb187509', 1009, CAST(N'2019-01-15T18:06:21.9720411' AS DateTime2), 0, 0, N'671af824-e875-4172-8235-5afc340b99dc')
INSERT [fresh].[chat] ([Id], [Message], [GiverId], [ReceiverId], [ProductId], [PublishDate], [IsServer], [IsDeleted], [SentById]) VALUES (13, N'test6', N'2c26eb8b-a8aa-448b-8822-93d8eb187509', N'2c26eb8b-a8aa-448b-8822-93d8eb187509', 12, CAST(N'2019-01-15T18:11:48.4212112' AS DateTime2), 0, 0, N'2c26eb8b-a8aa-448b-8822-93d8eb187509')
INSERT [fresh].[chat] ([Id], [Message], [GiverId], [ReceiverId], [ProductId], [PublishDate], [IsServer], [IsDeleted], [SentById]) VALUES (14, N'test7', N'2c26eb8b-a8aa-448b-8822-93d8eb187509', N'2c26eb8b-a8aa-448b-8822-93d8eb187509', 12, CAST(N'2019-01-15T18:12:58.3464789' AS DateTime2), 0, 0, N'2c26eb8b-a8aa-448b-8822-93d8eb187509')
INSERT [fresh].[chat] ([Id], [Message], [GiverId], [ReceiverId], [ProductId], [PublishDate], [IsServer], [IsDeleted], [SentById]) VALUES (15, N'test8', N'2c26eb8b-a8aa-448b-8822-93d8eb187509', N'2c26eb8b-a8aa-448b-8822-93d8eb187509', 12, CAST(N'2019-01-15T18:14:30.2162445' AS DateTime2), 0, 0, N'2c26eb8b-a8aa-448b-8822-93d8eb187509')
INSERT [fresh].[chat] ([Id], [Message], [GiverId], [ReceiverId], [ProductId], [PublishDate], [IsServer], [IsDeleted], [SentById]) VALUES (17, N'Startade en ny chatt', N'2c26eb8b-a8aa-448b-8822-93d8eb187509', N'2c26eb8b-a8aa-448b-8822-93d8eb187509', 12, CAST(N'2019-01-15T18:34:13.6258985' AS DateTime2), 1, 0, NULL)
INSERT [fresh].[chat] ([Id], [Message], [GiverId], [ReceiverId], [ProductId], [PublishDate], [IsServer], [IsDeleted], [SentById]) VALUES (18, N'Startade en ny chatt', N'2c26eb8b-a8aa-448b-8822-93d8eb187509', N'2c26eb8b-a8aa-448b-8822-93d8eb187509', 12, CAST(N'2019-01-15T18:35:18.1000833' AS DateTime2), 1, 0, NULL)
SET IDENTITY_INSERT [fresh].[chat] OFF
